<?xml version="1.0" encoding="utf-8"?><sf:SMARTSTYLE xmlns:sf="urn:sap-com:SmartForms:2000:style-internal-structure" xmlns="urn:sap-com:sdixml-ifr:2000" sf:language="PT"><sf:HEADER><STYLENAME>/DHPB/AV_001</STYLENAME><MASTERLANG>P</MASTERLANG><VERSION>00021</VERSION><FIRSTUSER>TSM</FIRSTUSER><FIRSTDATE>2023-01-12</FIRSTDATE><FIRSTTIME>15:04:46</FIRSTTIME><LASTUSER>TSM</LASTUSER><LASTDATE>2023-01-17</LASTDATE><LASTTIME>12:58:51</LASTTIME><LANGU>P</LANGU><CAPTION>Estilo /DHPB/AV_001</CAPTION><V_CAPTION>Estilo /DHPB/AV_001</V_CAPTION><TDFIRSTPAR>H1</TDFIRSTPAR><CPI>10.00</CPI><LPI>6.00</LPI><TDTABDIST>1.00</TDTABDIST><TDTABDISTU>CM</TDTABDISTU><ACTIVE>A</ACTIVE><TDFAMILY>COURIER</TDFAMILY><TDHEIGHT>120</TDHEIGHT><TDULPOS>0.00</TDULPOS><TDULTHICK>0.00</TDULTHICK><TDULGREY>000</TDULGREY><RED>000</RED><GREEN>000</GREEN><BLUE>000</BLUE><TRANS>000</TRANS></sf:HEADER><sf:PARAGRAPHS><item><ACTIVE>A</ACTIVE><STYLENAME>/DHPB/AV_001</STYLENAME><TDPARGRAPH>A1</TDPARGRAPH><TDPJUSTIFY>CENTER</TDPJUSTIFY><TDPLDIST>1.00</TDPLDIST><TDPLDISTU>LN</TDPLDISTU><TDPTOP>0.00</TDPTOP><TDPTOPU>CM</TDPTOPU><TDPBOT>0.00</TDPBOT><TDPBOTU>CM</TDPBOTU><TDPLEFT>0.00</TDPLEFT><TDPLEFTU>PT</TDPLEFTU><TDPRIGHT>0.00</TDPRIGHT><TDPRIGHTU>PT</TDPRIGHTU><TDPENTRY>0.00</TDPENTRY><TDPENTRYU>CM</TDPENTRYU><TDNUMLEFT>0.00</TDNUMLEFT><TDNUMLEFTU>CM</TDNUMLEFTU><TDNUMOUTL>00</TDNUMOUTL><TDLDEPTH>00</TDLDEPTH><TDLFIRSTIN>0</TDLFIRSTIN><TDLNEXTIND>0</TDLNEXTIND><TDLCOUNT>0</TDLCOUNT><TDFAMILY>ZCALIBRI</TDFAMILY><TDHEIGHT>000</TDHEIGHT><TDBOLD>X</TDBOLD><TDITALIC>*</TDITALIC><TDUNDERLIN>*</TDUNDERLIN><TDULPOS>0.00</TDULPOS><TDULTHICK>0.00</TDULTHICK><TDULGREY>000</TDULGREY><RED>000</RED><GREEN>000</GREEN><BLUE>000</BLUE><TRANS>000</TRANS><LANGU>P</LANGU><CAPTION>Anotações</CAPTION></item><item><ACTIVE>A</ACTIVE><STYLENAME>/DHPB/AV_001</STYLENAME><TDPARGRAPH>D1</TDPARGRAPH><TDPJUSTIFY>LEFT</TDPJUSTIFY><TDPLDIST>1.00</TDPLDIST><TDPLDISTU>LN</TDPLDISTU><TDPTOP>0.00</TDPTOP><TDPTOPU>CM</TDPTOPU><TDPBOT>0.00</TDPBOT><TDPBOTU>CM</TDPBOTU><TDPLEFT>0.00</TDPLEFT><TDPLEFTU>CM</TDPLEFTU><TDPRIGHT>0.00</TDPRIGHT><TDPRIGHTU>CM</TDPRIGHTU><TDPENTRY>0.00</TDPENTRY><TDPENTRYU>CM</TDPENTRYU><TDNUMLEFT>0.00</TDNUMLEFT><TDNUMOUTL>00</TDNUMOUTL><TDLDEPTH>00</TDLDEPTH><TDLFIRSTIN>0</TDLFIRSTIN><TDLNEXTIND>0</TDLNEXTIND><TDLCOUNT>0</TDLCOUNT><TDFAMILY>ZCALIBRI</TDFAMILY><TDHEIGHT>110</TDHEIGHT><TDBOLD>X</TDBOLD><TDITALIC>*</TDITALIC><TDUNDERLIN>*</TDUNDERLIN><TDULPOS>0.00</TDULPOS><TDULTHICK>0.00</TDULTHICK><TDULGREY>000</TDULGREY><RED>000</RED><GREEN>000</GREEN><BLUE>000</BLUE><TRANS>000</TRANS><LANGU>P</LANGU><CAPTION>Titulo Divisor</CAPTION></item><item><ACTIVE>A</ACTIVE><STYLENAME>/DHPB/AV_001</STYLENAME><TDPARGRAPH>H1</TDPARGRAPH><TDPJUSTIFY>CENTER</TDPJUSTIFY><TDPLDIST>1.00</TDPLDIST><TDPLDISTU>LN</TDPLDISTU><TDPTOP>0.00</TDPTOP><TDPTOPU>CM</TDPTOPU><TDPBOT>0.00</TDPBOT><TDPBOTU>CM</TDPBOTU><TDPLEFT>0.00</TDPLEFT><TDPLEFTU>CM</TDPLEFTU><TDPRIGHT>0.00</TDPRIGHT><TDPRIGHTU>CM</TDPRIGHTU><TDPENTRY>0.00</TDPENTRY><TDPENTRYU>CM</TDPENTRYU><TDNUMLEFT>0.00</TDNUMLEFT><TDNUMOUTL>00</TDNUMOUTL><TDLDEPTH>00</TDLDEPTH><TDLFIRSTIN>0</TDLFIRSTIN><TDLNEXTIND>0</TDLNEXTIND><TDLCOUNT>0</TDLCOUNT><TDFAMILY>ZCALIBRI</TDFAMILY><TDHEIGHT>110</TDHEIGHT><TDBOLD>X</TDBOLD><TDITALIC>*</TDITALIC><TDUNDERLIN>*</TDUNDERLIN><TDULPOS>0.00</TDULPOS><TDULTHICK>0.00</TDULTHICK><TDULGREY>000</TDULGREY><RED>000</RED><GREEN>000</GREEN><BLUE>000</BLUE><TRANS>000</TRANS><LANGU>P</LANGU><CAPTION>Titulo 1</CAPTION></item><item><ACTIVE>A</ACTIVE><STYLENAME>/DHPB/AV_001</STYLENAME><TDPARGRAPH>P1</TDPARGRAPH><TDPJUSTIFY>LEFT</TDPJUSTIFY><TDPLDIST>0.50</TDPLDIST><TDPLDISTU>LN</TDPLDISTU><TDPTOP>0.10</TDPTOP><TDPTOPU>CM</TDPTOPU><TDPBOT>0.10</TDPBOT><TDPBOTU>CM</TDPBOTU><TDPLEFT>3.00</TDPLEFT><TDPLEFTU>PT</TDPLEFTU><TDPRIGHT>3.00</TDPRIGHT><TDPRIGHTU>PT</TDPRIGHTU><TDPENTRY>3.00</TDPENTRY><TDPENTRYU>PT</TDPENTRYU><TDNUMLEFT>0.00</TDNUMLEFT><TDNUMOUTL>00</TDNUMOUTL><TDLDEPTH>00</TDLDEPTH><TDLFIRSTIN>0</TDLFIRSTIN><TDLNEXTIND>0</TDLNEXTIND><TDLCOUNT>0</TDLCOUNT><TDFAMILY>ZCALIBRI</TDFAMILY><TDHEIGHT>110</TDHEIGHT><TDBOLD>*</TDBOLD><TDITALIC>*</TDITALIC><TDUNDERLIN>*</TDUNDERLIN><TDULPOS>0.00</TDULPOS><TDULTHICK>0.00</TDULTHICK><TDULGREY>000</TDULGREY><RED>000</RED><GREEN>000</GREEN><BLUE>000</BLUE><TRANS>000</TRANS><LANGU>P</LANGU><CAPTION>Paragrafo 1</CAPTION></item><item><ACTIVE>A</ACTIVE><STYLENAME>/DHPB/AV_001</STYLENAME><TDPARGRAPH>SB</TDPARGRAPH><TDPJUSTIFY>CENTER</TDPJUSTIFY><TDPLDIST>1.00</TDPLDIST><TDPLDISTU>LN</TDPLDISTU><TDPTOP>0.00</TDPTOP><TDPTOPU>CM</TDPTOPU><TDPBOT>0.00</TDPBOT><TDPBOTU>CM</TDPBOTU><TDPLEFT>0.00</TDPLEFT><TDPLEFTU>PT</TDPLEFTU><TDPRIGHT>0.00</TDPRIGHT><TDPRIGHTU>CM</TDPRIGHTU><TDPENTRY>0.00</TDPENTRY><TDPENTRYU>CM</TDPENTRYU><TDNUMLEFT>0.00</TDNUMLEFT><TDNUMLEFTU>CM</TDNUMLEFTU><TDNUMOUTL>00</TDNUMOUTL><TDLDEPTH>00</TDLDEPTH><TDLFIRSTIN>0</TDLFIRSTIN><TDLNEXTIND>0</TDLNEXTIND><TDLCOUNT>0</TDLCOUNT><TDFAMILY>ZCALIBRI</TDFAMILY><TDHEIGHT>090</TDHEIGHT><TDBOLD>X</TDBOLD><TDITALIC>*</TDITALIC><TDUNDERLIN>*</TDUNDERLIN><TDULPOS>0.00</TDULPOS><TDULTHICK>0.00</TDULTHICK><TDULGREY>000</TDULGREY><RED>000</RED><GREEN>000</GREEN><BLUE>000</BLUE><TRANS>000</TRANS><LANGU>P</LANGU><CAPTION>Subtitulo</CAPTION></item><item><ACTIVE>A</ACTIVE><STYLENAME>/DHPB/AV_001</STYLENAME><TDPARGRAPH>VL</TDPARGRAPH><TDPJUSTIFY>LEFT</TDPJUSTIFY><TDPLDIST>1.00</TDPLDIST><TDPLDISTU>LN</TDPLDISTU><TDPTOP>0.00</TDPTOP><TDPTOPU>CM</TDPTOPU><TDPBOT>0.00</TDPBOT><TDPBOTU>CM</TDPBOTU><TDPLEFT>3.00</TDPLEFT><TDPLEFTU>PT</TDPLEFTU><TDPRIGHT>3.00</TDPRIGHT><TDPRIGHTU>PT</TDPRIGHTU><TDPENTRY>3.00</TDPENTRY><TDPENTRYU>PT</TDPENTRYU><TDNUMLEFT>0.00</TDNUMLEFT><TDNUMOUTL>00</TDNUMOUTL><TDLDEPTH>00</TDLDEPTH><TDLFIRSTIN>0</TDLFIRSTIN><TDLNEXTIND>0</TDLNEXTIND><TDLCOUNT>0</TDLCOUNT><TDFAMILY>ZCALIBRI</TDFAMILY><TDHEIGHT>110</TDHEIGHT><TDBOLD>X</TDBOLD><TDITALIC>*</TDITALIC><TDUNDERLIN>*</TDUNDERLIN><TDULPOS>0.00</TDULPOS><TDULTHICK>0.00</TDULTHICK><TDULGREY>000</TDULGREY><RED>000</RED><GREEN>000</GREEN><BLUE>000</BLUE><TRANS>000</TRANS><LANGU>P</LANGU><CAPTION>VALOR LIQUIDO</CAPTION></item></sf:PARAGRAPHS><sf:STRINGS/><sf:TABSTOPS/></sf:SMARTSTYLE>